"date","Variety","Count","Price","Value","Quantity"
2014-11-06,"CRIPPS PINK","80-90",204,3670,18
2014-11-06,"CRIPPS PINK","100-110",200,200,1
2014-11-06,"CRIPPS PINK","120-135",181,10150,56
2014-11-06,"CRIPPS PINK","150-165-198",170,1360,8
2014-11-06,"CRIPPS RED","80-90",221,26910,122
2014-11-06,"CRIPPS RED","100-110",205,22910,112
2014-11-06,"CRIPPS RED","120-135",193,58950,306
2014-11-06,"TOPRED","80-90",167,7350,44
2014-11-06,"TOPRED","100-110",104,2290,22
2014-11-06,"TOPRED","120-135",173,6740,39
2014-11-06,"TOPRED","150-165-198",130,3640,28
2014-11-06,"GOLDEN DELICIOUS","80-90",207,34220,165
2014-11-06,"GOLDEN DELICIOUS","100-110",176,57745,329
2014-11-06,"GOLDEN DELICIOUS","120-135",164,44610,272
2014-11-06,"GOLDEN DELICIOUS","150-165-198",145,4060,28
2014-11-06,"STARKING","80-90",176,47350,269
2014-11-06,"STARKING","100-110",201,11040,55
2014-11-06,"STARKING","120-135",173,5710,33
2014-11-06,"STARKING","150-165-198",135,3520,26
2014-11-06,"GRANNY SMITH","80-90",180,14790,82
2014-11-06,"GRANNY SMITH","100-110",182,16420,90
2014-11-06,"GRANNY SMITH","120-135",164,3120,19
2014-11-06,"GRANNY SMITH","150-165-198",80,1840,23
2014-11-06,"FUJI","150-165-198",130,390,3
2014-11-10,"CRIPPS PINK","80-90",225,900,4
2014-11-10,"CRIPPS PINK","100-110",188,31640,168
2014-11-10,"CRIPPS PINK","120-135",167,58110,349
2014-11-10,"CRIPPS RED","80-90",220,1100,5
2014-11-10,"CRIPPS RED","100-110",216,66600,309
2014-11-10,"CRIPPS RED","120-135",190,1140,6
2014-11-10,"TOPRED","80-90",204,51970,255
2014-11-10,"TOPRED","100-110",188,30525,162
2014-11-10,"TOPRED","120-135",126,10620,84
2014-11-10,"GOLDEN DELICIOUS","80-90",228,12560,55
2014-11-10,"GOLDEN DELICIOUS","100-110",190,76220,401
2014-11-10,"GOLDEN DELICIOUS","120-135",173,113005,654
2014-11-10,"GOLDEN DELICIOUS","150-165-198",140,420,3
2014-11-10,"STARKING","80-90",176,49420,281
2014-11-10,"STARKING","100-110",183,17350,95
2014-11-10,"STARKING","120-135",107,640,6
2014-11-10,"GRANNY SMITH","80-90",216,4110,19
2014-11-10,"GRANNY SMITH","100-110",201,36780,183
2014-11-10,"GRANNY SMITH","120-135",177,162350,917
2014-11-10,"ROYAL GALA","80-90",100,800,8
2014-11-10,"FUJI","80-90",210,420,2
2014-11-10,"FUJI","100-110",154,6140,40
2014-11-10,"FUJI","120-135",190,1330,7
2014-11-10,"FUJI","150-165-198",100,200,2
2014-11-12,"CRIPPS PINK","80-90",199,1390,7
2014-11-12,"CRIPPS PINK","100-110",192,770,4
2014-11-12,"CRIPPS PINK","120-135",193,6360,33
2014-11-12,"CRIPPS PINK","150-165-198",177,28490,161
2014-11-12,"CRIPPS RED","80-90",216,4330,20
2014-11-12,"CRIPPS RED","100-110",200,200,1
2014-11-12,"TOPRED","80-90",188,14850,79
2014-11-12,"TOPRED","100-110",211,17330,82
2014-11-12,"TOPRED","120-135",185,12740,69
2014-11-12,"TOPRED","150-165-198",178,2140,12
2014-11-12,"GOLDEN DELICIOUS","80-90",221,9940,45
2014-11-12,"GOLDEN DELICIOUS","100-110",202,27680,137
2014-11-12,"GOLDEN DELICIOUS","120-135",177,114580,647
2014-11-12,"GOLDEN DELICIOUS","150-165-198",120,480,4
2014-11-12,"STARKING","80-90",193,40710,211
2014-11-12,"STARKING","100-110",200,22240,111
2014-11-12,"STARKING","120-135",180,3960,22
2014-11-12,"STARKING","150-165-198",150,16800,112
2014-11-12,"GRANNY SMITH","80-90",219,3730,17
2014-11-12,"GRANNY SMITH","100-110",202,12130,60
2014-11-12,"GRANNY SMITH","120-135",180,3780,21
2014-11-12,"GRANNY SMITH","150-165-198",161,9810,61
2014-11-12,"FUJI","80-90",200,1400,7
2014-11-12,"FUJI","100-110",180,720,4
2014-11-12,"BRAEBURN","100-110",120,13440,112
2014-11-13,"CRIPPS PINK","80-90",207,4140,20
2014-11-13,"CRIPPS PINK","100-110",210,210,1
2014-11-13,"CRIPPS PINK","120-135",70,630,9
2014-11-13,"CRIPPS PINK","150-165-198",175,19600,112
2014-11-13,"CRIPPS RED","80-90",80,2160,27
2014-11-13,"CRIPPS RED","120-135",80,80,1
2014-11-13,"TOPRED","80-90",154,20380,132
2014-11-13,"TOPRED","100-110",216,56500,261
2014-11-13,"TOPRED","120-135",191,52760,276
2014-11-13,"GOLDEN DELICIOUS","80-90",185,31440,170
2014-11-13,"GOLDEN DELICIOUS","100-110",200,55080,276
2014-11-13,"GOLDEN DELICIOUS","120-135",168,133965,799
2014-11-13,"GOLDEN DELICIOUS","150-165-198",148,70785,479
2014-11-13,"STARKING","80-90",168,23040,137
2014-11-13,"STARKING","100-110",195,42490,218
2014-11-13,"STARKING","120-135",180,26480,147
2014-11-13,"STARKING","150-165-198",150,150,1
2014-11-13,"GRANNY SMITH","80-90",220,1980,9
2014-11-13,"GRANNY SMITH","100-110",197,28000,142
2014-11-13,"GRANNY SMITH","150-165-198",152,4550,30
2014-11-13,"FUJI","80-90",191,64490,337
2014-11-13,"FUJI","100-110",190,570,3
2014-11-13,"FUJI","120-135",200,33600,168
2014-11-14,"CRIPPS PINK","80-90",172,2060,12
2014-11-14,"CRIPPS PINK","100-110",199,12150,61
2014-11-14,"CRIPPS PINK","120-135",183,14820,81
2014-11-14,"CRIPPS RED","80-90",225,450,2
2014-11-14,"TOPRED","80-90",231,50320,218
2014-11-14,"TOPRED","100-110",211,35500,168
2014-11-14,"TOPRED","120-135",188,17510,93
2014-11-14,"TOPRED","150-165-198",153,460,3
2014-11-14,"GOLDEN DELICIOUS","80-90",194,12430,64
2014-11-14,"GOLDEN DELICIOUS","100-110",181,12850,71
2014-11-14,"GOLDEN DELICIOUS","120-135",175,99300,566
2014-11-14,"GOLDEN DELICIOUS","150-165-198",150,13200,88
2014-11-14,"STARKING","80-90",193,42020,218
2014-11-14,"STARKING","100-110",201,49910,248
2014-11-14,"STARKING","120-135",181,9070,50
2014-11-14,"STARKING","150-165-198",160,160,1
2014-11-14,"GRANNY SMITH","80-90",207,3520,17
2014-11-14,"GRANNY SMITH","100-110",200,9220,46
2014-11-14,"GRANNY SMITH","120-135",180,900,5
2014-11-14,"GRANNY SMITH","150-165-198",30,3360,112
2014-11-14,"FUJI","80-90",231,15740,68
2014-11-14,"FUJI","100-110",180,360,2
2014-11-14,"FUJI","120-135",76,380,5
2014-11-14,"FUJI","150-165-198",140,140,1
2014-11-17,"CRIPPS PINK","80-90",230,11490,50
2014-11-17,"CRIPPS PINK","100-110",210,57330,273
2014-11-17,"CRIPPS PINK","120-135",183,35240,193
2014-11-17,"CRIPPS PINK","150-165-198",40,440,11
2014-11-17,"CRIPPS RED","80-90",220,3960,18
2014-11-17,"CRIPPS RED","120-135",210,420,2
2014-11-17,"TOPRED","80-90",199,41460,208
2014-11-17,"TOPRED","100-110",200,46220,231
2014-11-17,"TOPRED","120-135",193,78700,407
2014-11-17,"TOPRED","150-165-198",135,7020,52
2014-11-17,"GOLDEN DELICIOUS","80-90",219,14670,67
2014-11-17,"GOLDEN DELICIOUS","100-110",196,34520,176
2014-11-17,"GOLDEN DELICIOUS","120-135",178,125940,706
2014-11-17,"GOLDEN DELICIOUS","150-165-198",40,480,12
2014-11-17,"STARKING","80-90",187,9730,52
2014-11-17,"STARKING","100-110",191,17010,89
2014-11-17,"STARKING","120-135",185,21670,117
2014-11-17,"GRANNY SMITH","80-90",154,1230,8
2014-11-17,"GRANNY SMITH","100-110",220,9240,42
2014-11-17,"GRANNY SMITH","120-135",180,900,5
2014-11-17,"ROYAL GALA","100-110",180,1260,7
2014-11-17,"FUJI","80-90",240,240,1
2014-11-17,"FUJI","100-110",180,180,1
2014-11-17,"FUJI","120-135",180,2520,14
2014-11-19,"CRIPPS PINK","80-90",200,11610,58
2014-11-19,"CRIPPS PINK","100-110",187,43480,233
2014-11-19,"CRIPPS PINK","120-135",196,24680,126
2014-11-19,"CRIPPS RED","100-110",230,230,1
2014-11-19,"TOPRED","80-90",169,48200,286
2014-11-19,"TOPRED","100-110",209,57170,274
2014-11-19,"TOPRED","120-135",165,36385,221
2014-11-19,"TOPRED","150-165-198",150,150,1
2014-11-19,"GOLDEN DELICIOUS","80-90",230,27810,121
2014-11-19,"GOLDEN DELICIOUS","100-110",190,68680,361
2014-11-19,"GOLDEN DELICIOUS","120-135",176,120150,683
2014-11-19,"GOLDEN DELICIOUS","150-165-198",134,32830,245
2014-11-19,"STARKING","80-90",211,12630,60
2014-11-19,"STARKING","100-110",197,48870,248
2014-11-19,"STARKING","120-135",190,380,2
2014-11-19,"GRANNY SMITH","80-90",214,13290,62
2014-11-19,"GRANNY SMITH","100-110",199,14140,71
2014-11-19,"GRANNY SMITH","120-135",183,9140,50
2014-11-19,"GRANNY SMITH","150-165-198",150,5250,35
2014-11-19,"FUJI","80-90",240,6720,28
2014-11-19,"FUJI","100-110",180,900,5
2014-11-20,"CRIPPS PINK","80-90",240,110400,460
2014-11-20,"CRIPPS PINK","100-110",234,161730,690
2014-11-20,"CRIPPS PINK","120-135",194,58200,300
2014-11-20,"CRIPPS PINK","150-165-198",188,14640,78
2014-11-20,"TOPRED","80-90",149,30140,202
2014-11-20,"TOPRED","100-110",211,58110,275
2014-11-20,"TOPRED","120-135",191,26940,141
2014-11-20,"GOLDEN DELICIOUS","80-90",194,26370,136
2014-11-20,"GOLDEN DELICIOUS","100-110",207,34850,168
2014-11-20,"GOLDEN DELICIOUS","120-135",181,50780,280
2014-11-20,"GOLDEN DELICIOUS","150-165-198",170,510,3
2014-11-20,"STARKING","80-90",191,21040,110
2014-11-20,"STARKING","100-110",191,25210,132
2014-11-20,"STARKING","120-135",183,31240,171
2014-11-20,"GRANNY SMITH","80-90",208,8100,39
2014-11-20,"GRANNY SMITH","100-110",196,10780,55
2014-11-20,"GRANNY SMITH","120-135",186,40090,215
2014-11-20,"GRANNY SMITH","150-165-198",150,750,5
2014-11-20,"ROYAL GALA","120-135",150,150,1
2014-11-20,"ROYAL GALA","150-165-198",75,300,4
2014-11-20,"FUJI","80-90",231,4620,20
2014-11-20,"FUJI","100-110",220,11660,53
2014-11-20,"FUJI","120-135",220,220,1
2014-11-24,"CRIPPS PINK","80-90",223,62990,283
2014-11-24,"CRIPPS PINK","100-110",213,66970,314
2014-11-24,"CRIPPS PINK","120-135",200,800,4
2014-11-24,"CRIPPS PINK","150-165-198",80,400,5
2014-11-24,"CRIPPS RED","80-90",240,720,3
2014-11-24,"CRIPPS RED","100-110",220,440,2
2014-11-24,"TOPRED","80-90",92,51860,566
2014-11-24,"TOPRED","100-110",132,47180,357
2014-11-24,"TOPRED","120-135",210,7980,38
2014-11-24,"TOPRED","150-165-198",180,540,3
2014-11-24,"GOLDEN DELICIOUS","80-90",211,29160,138
2014-11-24,"GOLDEN DELICIOUS","100-110",193,22990,119
2014-11-24,"GOLDEN DELICIOUS","120-135",175,61880,353
2014-11-24,"GOLDEN DELICIOUS","150-165-198",70,560,8
2014-11-24,"STARKING","80-90",208,8930,43
2014-11-24,"STARKING","100-110",199,795,4
2014-11-24,"STARKING","120-135",173,520,3
2014-11-24,"GRANNY SMITH","80-90",202,4860,24
2014-11-24,"GRANNY SMITH","100-110",162,810,5
2014-11-24,"GRANNY SMITH","120-135",190,15970,84
2014-11-24,"GRANNY SMITH","150-165-198",76,5870,77
2014-11-24,"FUJI","80-90",240,5040,21
2014-11-24,"FUJI","100-110",60,1200,20
2014-11-24,"FUJI","120-135",151,9520,63
2014-11-24,"BRAEBURN","80-90",200,200,1
2014-11-24,"BRAEBURN","100-110",193,580,3
2014-11-24,"BRAEBURN","120-135",180,3240,18
2014-11-24,"BRAEBURN","150-165-198",160,160,1
2014-11-25,"CRIPPS PINK","80-90",204,7560,37
2014-11-25,"CRIPPS PINK","100-110",182,15795,87
2014-11-25,"CRIPPS PINK","120-135",195,2145,11
2014-11-25,"CRIPPS RED","80-90",216,1080,5
2014-11-25,"CRIPPS RED","100-110",189,2460,13
2014-11-25,"CRIPPS RED","120-135",200,1400,7
2014-11-25,"TOPRED","80-90",222,30890,139
2014-11-25,"TOPRED","100-110",213,41960,197
2014-11-25,"TOPRED","120-135",180,360,2
2014-11-25,"TOPRED","150-165-198",240,240,1
2014-11-25,"GOLDEN DELICIOUS","80-90",202,37900,188
2014-11-25,"GOLDEN DELICIOUS","100-110",201,150742,750
2014-11-25,"GOLDEN DELICIOUS","120-135",167,113530,680
2014-11-25,"GOLDEN DELICIOUS","150-165-198",140,140,1
2014-11-25,"STARKING","80-90",205,33585,164
2014-11-25,"STARKING","100-110",194,26710,138
2014-11-25,"STARKING","120-135",187,10310,55
2014-11-25,"GRANNY SMITH","80-90",209,42456,203
2014-11-25,"GRANNY SMITH","100-110",192,88821,462
2014-11-25,"GRANNY SMITH","120-135",161,2730,17
2014-11-25,"GRANNY SMITH","150-165-198",140,1400,10
2014-11-25,"FUJI","80-90",203,5480,27
2014-11-25,"FUJI","150-165-198",100,3600,36
2014-11-25,"BRAEBURN","80-90",200,400,2
2014-11-25,"BRAEBURN","100-110",167,6500,39
2014-11-25,"BRAEBURN","120-135",180,4680,26
2014-11-26,"CRIPPS PINK","80-90",140,6440,46
2014-11-26,"CRIPPS PINK","100-110",231,14525,63
2014-11-26,"CRIPPS PINK","120-135",242,168465,695
2014-11-26,"TOPRED","80-90",218,25970,119
2014-11-26,"TOPRED","100-110",200,31740,159
2014-11-26,"TOPRED","120-135",180,720,4
2014-11-26,"GOLDEN DELICIOUS","80-90",183,21630,118
2014-11-26,"GOLDEN DELICIOUS","100-110",195,21260,109
2014-11-26,"GOLDEN DELICIOUS","120-135",175,80540,460
2014-11-26,"STARKING","80-90",185,24660,133
2014-11-26,"STARKING","100-110",152,3040,20
2014-11-26,"STARKING","120-135",169,78615,464
2014-11-26,"GRANNY SMITH","80-90",194,3300,17
2014-11-26,"GRANNY SMITH","100-110",196,16080,82
2014-11-26,"GRANNY SMITH","120-135",180,27390,152
2014-11-26,"FUJI","80-90",210,11970,57
2014-11-26,"FUJI","120-135",100,400,4
2014-12-01,"CRIPPS PINK","100-110",157,2820,18
2014-12-01,"CRIPPS PINK","120-135",217,10850,50
2014-12-01,"CRIPPS RED","80-90",70,210,3
2014-12-01,"CRIPPS RED","100-110",190,21280,112
2014-12-01,"CRIPPS RED","120-135",200,1800,9
2014-12-01,"TOPRED","80-90",209,33785,162
2014-12-01,"TOPRED","100-110",217,5000,23
2014-12-01,"TOPRED","120-135",200,10800,54
2014-12-01,"TOPRED","150-165-198",240,480,2
2014-12-01,"GOLDEN DELICIOUS","80-90",215,9040,42
2014-12-01,"GOLDEN DELICIOUS","100-110",190,45830,241
2014-12-01,"GOLDEN DELICIOUS","120-135",165,70360,427
2014-12-01,"GOLDEN DELICIOUS","150-165-198",104,9400,90
2014-12-01,"STARKING","80-90",188,20675,110
2014-12-01,"STARKING","100-110",159,2700,17
2014-12-01,"STARKING","120-135",175,12755,73
2014-12-01,"GRANNY SMITH","80-90",193,7510,39
2014-12-01,"GRANNY SMITH","100-110",193,42720,221
2014-12-01,"GRANNY SMITH","120-135",182,4540,25
2014-12-01,"GRANNY SMITH","150-165-198",140,700,5
2014-12-01,"FUJI","80-90",212,1060,5
2014-12-01,"BRAEBURN","100-110",179,3040,17
2014-12-02,"CRIPPS PINK","100-110",240,129195,539
2014-12-02,"CRIPPS PINK","120-135",243,70340,289
2014-12-02,"CRIPPS PINK","150-165-198",163,11580,71
2014-12-02,"TOPRED","80-90",239,27190,114
2014-12-02,"TOPRED","100-110",207,31840,154
2014-12-02,"GOLDEN DELICIOUS","80-90",225,21630,96
2014-12-02,"GOLDEN DELICIOUS","100-110",182,22570,124
2014-12-02,"GOLDEN DELICIOUS","120-135",171,112820,659
2014-12-02,"GOLDEN DELICIOUS","150-165-198",135,7400,55
2014-12-02,"STARKING","80-90",207,44200,214
2014-12-02,"STARKING","100-110",195,57690,296
2014-12-02,"STARKING","120-135",191,44770,234
2014-12-02,"GRANNY SMITH","80-90",219,16670,76
2014-12-02,"GRANNY SMITH","100-110",206,6810,33
2014-12-02,"GRANNY SMITH","120-135",185,740,4
2014-12-02,"GRANNY SMITH","150-165-198",53,7560,142
2014-12-02,"FUJI","80-90",216,1940,9
2014-12-03,"CRIPPS PINK","80-90",220,440,2
2014-12-03,"CRIPPS PINK","100-110",88,2640,30
2014-12-03,"CRIPPS PINK","120-135",206,22050,107
2014-12-03,"CRIPPS RED","80-90",175,1400,8
2014-12-03,"CRIPPS RED","120-135",238,33830,142
2014-12-03,"TOPRED","80-90",211,58355,276
2014-12-03,"TOPRED","100-110",218,6310,29
2014-12-03,"GOLDEN DELICIOUS","80-90",229,28225,123
2014-12-03,"GOLDEN DELICIOUS","100-110",185,43650,236
2014-12-03,"GOLDEN DELICIOUS","120-135",171,163840,960
2014-12-03,"GOLDEN DELICIOUS","150-165-198",111,12100,109
2014-12-03,"STARKING","80-90",219,58550,267
2014-12-03,"STARKING","100-110",230,14240,62
2014-12-03,"STARKING","120-135",200,21800,109
2014-12-03,"GRANNY SMITH","80-90",191,30700,161
2014-12-03,"GRANNY SMITH","100-110",181,36560,202
2014-12-03,"GRANNY SMITH","120-135",180,5750,32
2014-12-03,"GRANNY SMITH","150-165-198",140,15680,112
2014-12-03,"FUJI","80-90",200,38990,195
2014-12-03,"BRAEBURN","80-90",125,500,4
2014-12-03,"BRAEBURN","100-110",100,200,2
2014-12-03,"BRAEBURN","150-165-198",100,100,1
2014-12-06,"CRIPPS PINK","80-90",220,21560,98
2014-12-06,"CRIPPS PINK","100-110",127,3290,26
2014-12-06,"CRIPPS PINK","120-135",202,57260,284
2014-12-06,"CRIPPS PINK","150-165-198",146,5100,35
2014-12-06,"CRIPPS RED","80-90",200,400,2
2014-12-06,"CRIPPS RED","120-135",240,5520,23
2014-12-06,"TOPRED","80-90",134,11690,87
2014-12-06,"TOPRED","100-110",194,28070,145
2014-12-06,"TOPRED","120-135",210,210,1
2014-12-06,"GOLDEN DELICIOUS","80-90",186,25050,135
2014-12-06,"GOLDEN DELICIOUS","100-110",188,42760,228
2014-12-06,"GOLDEN DELICIOUS","120-135",174,76110,438
2014-12-06,"STARKING","80-90",228,46720,205
2014-12-06,"STARKING","100-110",198,30230,153
2014-12-06,"STARKING","120-135",190,16900,89
2014-12-06,"GRANNY SMITH","80-90",181,19180,106
2014-12-06,"GRANNY SMITH","100-110",168,29240,174
2014-12-06,"GRANNY SMITH","120-135",180,9540,53
2014-12-06,"FUJI","80-90",209,3980,19
2014-12-09,"CRIPPS PINK","80-90",245,36015,147
2014-12-09,"CRIPPS PINK","100-110",244,191590,784
2014-12-09,"CRIPPS PINK","120-135",213,121740,572
2014-12-09,"CRIPPS RED","80-90",245,735,3
2014-12-09,"TOPRED","80-90",198,43800,221
2014-12-09,"TOPRED","100-110",172,14990,87
2014-12-09,"TOPRED","120-135",210,1050,5
2014-12-09,"GOLDEN DELICIOUS","80-90",184,44830,244
2014-12-09,"GOLDEN DELICIOUS","100-110",153,46510,303
2014-12-09,"GOLDEN DELICIOUS","120-135",174,66240,380
2014-12-09,"GOLDEN DELICIOUS","150-165-198",107,4292,40
2014-12-09,"STARKING","80-90",163,63500,390
2014-12-09,"STARKING","100-110",192,63080,328
2014-12-09,"STARKING","120-135",180,7920,44
2014-12-09,"STARKING","150-165-198",170,2040,12
2014-12-09,"GRANNY SMITH","80-90",102,16220,159
2014-12-09,"GRANNY SMITH","100-110",120,10650,89
2014-12-09,"GRANNY SMITH","120-135",180,21390,119
2014-12-09,"FUJI","80-90",206,3700,18
2014-12-10,"CRIPPS PINK","80-90",245,12005,49
2014-12-10,"CRIPPS PINK","100-110",240,59675,249
2014-12-10,"CRIPPS PINK","120-135",239,77900,326
2014-12-10,"CRIPPS RED","150-165-198",240,13440,56
2014-12-10,"TOPRED","80-90",226,25540,113
2014-12-10,"TOPRED","100-110",178,39710,223
2014-12-10,"TOPRED","120-135",215,215,1
2014-12-10,"GOLDEN DELICIOUS","80-90",195,40740,209
2014-12-10,"GOLDEN DELICIOUS","100-110",194,39390,203
2014-12-10,"GOLDEN DELICIOUS","120-135",175,101640,582
2014-12-10,"GOLDEN DELICIOUS","150-165-198",165,9390,57
2014-12-10,"STARKING","80-90",182,15630,86
2014-12-10,"STARKING","100-110",220,25540,116
2014-12-10,"STARKING","120-135",200,38850,194
2014-12-10,"GRANNY SMITH","80-90",162,31820,196
2014-12-10,"GRANNY SMITH","100-110",170,50400,296
2014-12-10,"GRANNY SMITH","120-135",180,24310,135
2014-12-10,"FUJI","80-90",225,19360,86
2014-12-11,"CRIPPS PINK","80-90",245,12005,49
2014-12-11,"CRIPPS PINK","100-110",240,59675,249
2014-12-11,"CRIPPS PINK","120-135",239,77900,326
2014-12-11,"CRIPPS RED","150-165-198",240,13440,56
2014-12-11,"TOPRED","80-90",226,25540,113
2014-12-11,"TOPRED","100-110",178,39710,223
2014-12-11,"TOPRED","120-135",215,215,1
2014-12-11,"GOLDEN DELICIOUS","80-90",195,40740,209
2014-12-11,"GOLDEN DELICIOUS","100-110",194,39390,203
2014-12-11,"GOLDEN DELICIOUS","120-135",175,101640,582
2014-12-11,"GOLDEN DELICIOUS","150-165-198",165,9390,57
2014-12-11,"STARKING","80-90",182,15630,86
2014-12-11,"STARKING","100-110",220,25540,116
2014-12-11,"STARKING","120-135",200,38850,194
2014-12-11,"GRANNY SMITH","80-90",162,31820,196
2014-12-11,"GRANNY SMITH","100-110",170,50400,296
2014-12-11,"GRANNY SMITH","120-135",180,24310,135
2014-12-11,"FUJI","80-90",225,19360,86
2014-12-13,"CRIPPS PINK","80-90",234,29660,127
2014-12-13,"CRIPPS PINK","100-110",240,11760,49
2014-12-13,"CRIPPS PINK","120-135",50,200,4
2014-12-13,"CRIPPS PINK","150-165-198",50,1300,26
2014-12-13,"CRIPPS RED","80-90",200,400,2
2014-12-13,"TOPRED","80-90",222,28805,130
2014-12-13,"TOPRED","100-110",237,9730,41
2014-12-13,"TOPRED","120-135",220,440,2
2014-12-13,"GOLDEN DELICIOUS","80-90",231,14560,63
2014-12-13,"GOLDEN DELICIOUS","100-110",201,38160,190
2014-12-13,"GOLDEN DELICIOUS","120-135",180,86920,483
2014-12-13,"GOLDEN DELICIOUS","150-165-198",50,900,18
2014-12-13,"STARKING","80-90",212,9950,47
2014-12-13,"STARKING","100-110",192,19930,104
2014-12-13,"STARKING","120-135",203,3050,15
2014-12-13,"GRANNY SMITH","80-90",164,16120,98
2014-12-13,"GRANNY SMITH","100-110",186,13980,75
2014-12-13,"GRANNY SMITH","120-135",157,29930,191
2014-12-20,"CRIPPS RED","80-90",240,6960,29
2014-12-20,"CRIPPS RED","120-135",200,4000,20
2014-12-20,"TOPRED","80-90",209,32250,154
2014-12-20,"TOPRED","100-110",210,27895,133
2014-12-20,"TOPRED","120-135",205,20090,98
2014-12-20,"GOLDEN DELICIOUS","80-90",121,3640,30
2014-12-20,"GOLDEN DELICIOUS","100-110",199,48620,244
2014-12-20,"GOLDEN DELICIOUS","120-135",190,47190,248
2014-12-20,"STARKING","80-90",129,34740,269
2014-12-20,"STARKING","100-110",228,8680,38
2014-12-20,"STARKING","120-135",202,38445,190
2014-12-20,"GRANNY SMITH","80-90",194,10880,56
2014-12-20,"GRANNY SMITH","100-110",194,22660,117
2014-12-20,"GRANNY SMITH","120-135",186,33540,180
2014-12-20,"BRAEBURN","100-110",160,960,6
2014-12-24,"CRIPPS PINK","80-90",80,80,1
2014-12-24,"CRIPPS PINK","100-110",150,300,2
2014-12-24,"CRIPPS RED","80-90",240,960,4
2014-12-24,"CRIPPS RED","150-165-198",240,10800,45
2014-12-24,"TOPRED","80-90",227,35160,155
2014-12-24,"TOPRED","100-110",220,16080,73
2014-12-24,"TOPRED","120-135",217,41850,193
2014-12-24,"TOPRED","150-165-198",100,19600,196
2014-12-24,"GOLDEN DELICIOUS","80-90",168,25085,149
2014-12-24,"GOLDEN DELICIOUS","100-110",192,38450,200
2014-12-24,"GOLDEN DELICIOUS","120-135",174,4690,27
2014-12-24,"GOLDEN DELICIOUS","150-165-198",80,160,2
2014-12-24,"STARKING","80-90",182,50870,279
2014-12-24,"STARKING","100-110",212,13980,66
2014-12-24,"STARKING","120-135",176,4580,26
2014-12-24,"GRANNY SMITH","80-90",184,13820,75
2014-12-24,"GRANNY SMITH","100-110",198,17070,86
2014-12-24,"GRANNY SMITH","120-135",180,25920,144
2014-12-24,"BRAEBURN","100-110",160,5600,35
2014-12-30,"CRIPPS PINK","120-135",200,1600,8
2014-12-30,"CRIPPS RED","80-90",220,660,3
2014-12-30,"TOPRED","80-90",214,63860,298
2014-12-30,"TOPRED","100-110",229,15100,66
2014-12-30,"TOPRED","120-135",219,24580,112
2014-12-30,"TOPRED","150-165-198",151,1660,11
2014-12-30,"GOLDEN DELICIOUS","80-90",222,8430,38
2014-12-30,"GOLDEN DELICIOUS","100-110",174,22950,132
2014-12-30,"GOLDEN DELICIOUS","120-135",157,29610,189
2014-12-30,"GOLDEN DELICIOUS","150-165-198",160,14240,89
2014-12-30,"STARKING","80-90",202,14540,72
2014-12-30,"STARKING","100-110",199,4580,23
2014-12-30,"STARKING","120-135",205,39975,195
2014-12-30,"GRANNY SMITH","80-90",208,19525,94
2014-12-30,"GRANNY SMITH","100-110",199,28040,141
2014-12-30,"GRANNY SMITH","120-135",188,9400,50
2014-12-30,"GRANNY SMITH","150-165-198",120,600,5
2015-01-05,"CRIPPS RED","100-110",160,7840,49
2015-01-05,"TOPRED","80-90",173,83950,486
2015-01-05,"TOPRED","100-110",179,56990,318
2015-01-05,"TOPRED","120-135",214,5560,26
2015-01-05,"GOLDEN DELICIOUS","80-90",210,6710,32
2015-01-05,"GOLDEN DELICIOUS","100-110",237,12780,54
2015-01-05,"GOLDEN DELICIOUS","120-135",179,8040,45
2015-01-05,"GOLDEN DELICIOUS","150-165-198",135,270,2
2015-01-05,"STARKING","80-90",153,26200,171
2015-01-05,"STARKING","100-110",197,6310,32
2015-01-05,"STARKING","120-135",211,10960,52
2015-01-05,"GRANNY SMITH","80-90",187,8060,43
2015-01-05,"GRANNY SMITH","100-110",190,3040,16
2015-01-05,"GRANNY SMITH","120-135",174,13360,77
2015-01-07,"CRIPPS PINK","Econo",68,5952,87
2015-01-07,"CRIPPS PINK","Jumble",40,280,7
2015-01-07,"CRIPPS RED","100-110",200,200,1
2015-01-07,"CRIPPS RED","Econo",130,14184,109
2015-01-07,"TOPRED","80-90",199,73030,367
2015-01-07,"TOPRED","100-110",209,57370,275
2015-01-07,"TOPRED","120-135",213,53910,253
2015-01-07,"TOPRED","150-165-198",102,2340,23
2015-01-07,"TOPRED","Econo",108,122206,1135
2015-01-07,"TOPRED","Jumble",53,20302,383
2015-01-07,"GOLDEN DELICIOUS","80-90",223,29190,131
2015-01-07,"GOLDEN DELICIOUS","100-110",212,54140,255
2015-01-07,"GOLDEN DELICIOUS","120-135",199,64305,323
2015-01-07,"GOLDEN DELICIOUS","150-165-198",192,3640,19
2015-01-07,"GOLDEN DELICIOUS","Econo",107,186182,1748
2015-01-07,"GOLDEN DELICIOUS","Jumble",58,64818,1126
2015-01-07,"STARKING","80-90",168,25415,151
2015-01-07,"STARKING","100-110",223,28760,129
2015-01-07,"STARKING","120-135",176,10550,60
2015-01-07,"STARKING","Econo",114,57208,501
2015-01-07,"STARKING","Jumble",70,6160,88
2015-01-07,"GRANNY SMITH","80-90",189,17040,90
2015-01-07,"GRANNY SMITH","100-110",196,14860,76
2015-01-07,"GRANNY SMITH","120-135",133,22150,166
2015-01-07,"GRANNY SMITH","Econo",87,41220,473
2015-01-07,"GRANNY SMITH","Jumble",44,52138,1193
2015-01-07,"FUJI","Econo",49,1944,40
2015-01-07,"FUJI","Jumble",49,10335,210
2015-01-08,"CRIPPS PINK","120-135",181,8700,48
2015-01-08,"CRIPPS PINK","150-165-198",200,9600,48
2015-01-08,"CRIPPS PINK","Econo",80,81184,1016
2015-01-08,"CRIPPS PINK","Jumble",39,2170,55
2015-01-08,"CRIPPS RED","80-90",200,600,3
2015-01-08,"CRIPPS RED","120-135",220,13860,63
2015-01-08,"CRIPPS RED","Econo",96,5856,61
2015-01-08,"TOPRED","80-90",198,60710,306
2015-01-08,"TOPRED","100-110",208,20620,99
2015-01-08,"TOPRED","120-135",192,11920,62
2015-01-08,"TOPRED","150-165-198",145,290,2
2015-01-08,"TOPRED","Econo",133,70646,532
2015-01-08,"TOPRED","Jumble",59,22985,390
2015-01-08,"GOLDEN DELICIOUS","80-90",209,8780,42
2015-01-08,"GOLDEN DELICIOUS","100-110",147,31910,217
2015-01-08,"GOLDEN DELICIOUS","120-135",97,13255,136
2015-01-08,"GOLDEN DELICIOUS","150-165-198",180,1260,7
2015-01-08,"GOLDEN DELICIOUS","Econo",113,138264,1222
2015-01-08,"GOLDEN DELICIOUS","Jumble",61,79202,1289
2015-01-08,"STARKING","80-90",102,14290,140
2015-01-08,"STARKING","100-110",228,21870,96
2015-01-08,"STARKING","120-135",180,40330,224
2015-01-08,"STARKING","Econo",124,105084,850
2015-01-08,"STARKING","Jumble",39,7740,196
2015-01-08,"GRANNY SMITH","80-90",178,10680,60
2015-01-08,"GRANNY SMITH","100-110",179,7500,42
2015-01-08,"GRANNY SMITH","120-135",166,3980,24
2015-01-08,"GRANNY SMITH","150-165-198",140,140,1
2015-01-08,"GRANNY SMITH","Econo",103,79050,769
2015-01-08,"GRANNY SMITH","Jumble",52,13360,256
2015-01-08,"FUJI","80-90",91,2640,29
2015-01-08,"FUJI","100-110",80,960,12
2015-01-08,"FUJI","Jumble",35,280,8
2015-01-13,"CRIPPS PINK","120-135",80,320,4
2015-01-13,"CRIPPS PINK","Jumble",40,40,1
2015-01-13,"CRIPPS RED","80-90",150,3000,20
2015-01-13,"CRIPPS RED","100-110",80,2000,25
2015-01-13,"CRIPPS RED","150-165-198",80,320,4
2015-01-13,"CRIPPS RED","Econo",51,4040,79
2015-01-13,"TOPRED","80-90",155,46890,302
2015-01-13,"TOPRED","100-110",211,67600,320
2015-01-13,"TOPRED","120-135",240,2880,12
2015-01-13,"TOPRED","150-165-198",108,540,5
2015-01-13,"TOPRED","Econo",148,52462,355
2015-01-13,"TOPRED","Jumble",57,49355,862
2015-01-13,"GOLDEN DELICIOUS","80-90",246,3690,15
2015-01-13,"GOLDEN DELICIOUS","100-110",195,46310,237
2015-01-13,"GOLDEN DELICIOUS","120-135",190,74480,392
2015-01-13,"GOLDEN DELICIOUS","150-165-198",170,17560,103
2015-01-13,"GOLDEN DELICIOUS","Econo",107,101984,949
2015-01-13,"GOLDEN DELICIOUS","Jumble",66,114710,1741
2015-01-13,"STARKING","80-90",118,34720,294
2015-01-13,"STARKING","100-110",196,54155,276
2015-01-13,"STARKING","120-135",224,12070,54
2015-01-13,"STARKING","Econo",124,35412,286
2015-01-13,"STARKING","Jumble",49,12588,256
2015-01-13,"GRANNY SMITH","80-90",178,5870,33
2015-01-13,"GRANNY SMITH","100-110",147,33160,225
2015-01-13,"GRANNY SMITH","120-135",198,10100,51
2015-01-13,"GRANNY SMITH","Econo",108,21356,198
2015-01-13,"GRANNY SMITH","Jumble",49,50385,1037
2015-01-13,"ROYAL GALA","Econo",80,19200,240
2015-01-13,"FUJI","Econo",48,9145,189
2015-01-13,"FUJI","Jumble",36,400,11
2015-01-14,"CRIPPS PINK","Econo",21,4705,229
2015-01-14,"CRIPPS PINK","Jumble",37,480,13
2015-01-14,"CRIPPS RED","100-110",80,480,6
2015-01-14,"TOPRED","80-90",133,35720,269
2015-01-14,"TOPRED","100-110",217,97075,448
2015-01-14,"TOPRED","120-135",240,40320,168
2015-01-14,"TOPRED","150-165-198",120,26760,223
2015-01-14,"TOPRED","Econo",147,17390,118
2015-01-14,"TOPRED","Jumble",44,6194,141
2015-01-14,"GOLDEN DELICIOUS","80-90",252,43805,174
2015-01-14,"GOLDEN DELICIOUS","100-110",167,12840,77
2015-01-14,"GOLDEN DELICIOUS","120-135",192,47040,245
2015-01-14,"GOLDEN DELICIOUS","150-165-198",167,8510,51
2015-01-14,"GOLDEN DELICIOUS","Econo",98,87161,888
2015-01-14,"GOLDEN DELICIOUS","Jumble",64,121353,1896
2015-01-14,"STARKING","80-90",182,14960,82
2015-01-14,"STARKING","100-110",233,11900,51
2015-01-14,"STARKING","120-135",230,18860,82
2015-01-14,"STARKING","Econo",92,7212,78
2015-01-14,"STARKING","Jumble",50,3860,77
2015-01-14,"GRANNY SMITH","80-90",176,18630,106
2015-01-14,"GRANNY SMITH","100-110",163,24500,150
2015-01-14,"GRANNY SMITH","120-135",157,3610,23
2015-01-14,"GRANNY SMITH","150-165-198",100,1900,19
2015-01-14,"GRANNY SMITH","Econo",104,32320,310
2015-01-14,"GRANNY SMITH","Jumble",45,102129,2256
2015-01-14,"FUJI","80-90",110,5390,49
2015-01-14,"FUJI","Econo",51,9936,194
2015-01-14,"FUJI","Jumble",44,14742,334
2015-01-17,"CRIPPS PINK","100-110",120,480,4
2015-01-17,"CRIPPS PINK","150-165-198",80,2960,37
2015-01-17,"CRIPPS RED","150-165-198",140,280,2
2015-01-17,"TOPRED","80-90",149,29000,194
2015-01-17,"TOPRED","100-110",217,11080,51
2015-01-17,"TOPRED","120-135",229,5270,23
2015-01-17,"TOPRED","Econo",137,3280,24
2015-01-17,"TOPRED","Jumble",40,4320,108
2015-01-17,"GOLDEN DELICIOUS","80-90",280,5880,21
2015-01-17,"GOLDEN DELICIOUS","100-110",189,11150,59
2015-01-17,"GOLDEN DELICIOUS","120-135",191,33310,174
2015-01-17,"GOLDEN DELICIOUS","Econo",103,58225,564
2015-01-17,"GOLDEN DELICIOUS","Jumble",58,63469,1092
2015-01-17,"STARKING","80-90",202,3430,17
2015-01-17,"STARKING","100-110",209,3550,17
2015-01-17,"STARKING","120-135",180,1440,8
2015-01-17,"STARKING","Econo",140,39908,285
2015-01-17,"STARKING","Jumble",57,47170,830
2015-01-17,"GRANNY SMITH","80-90",173,19200,111
2015-01-17,"GRANNY SMITH","100-110",173,29935,173
2015-01-17,"GRANNY SMITH","120-135",149,2540,17
2015-01-17,"GRANNY SMITH","Econo",73,14307,197
2015-01-17,"GRANNY SMITH","Jumble",41,36724,895
2015-01-17,"ROYAL GALA","100-110",162,4860,30
2015-01-17,"ROYAL GALA","120-135",201,23940,119
2015-01-17,"ROYAL GALA","Econo",128,6656,52
2015-01-17,"FUJI","Econo",44,2888,65
2015-01-17,"FUJI","Jumble",31,21860,710
2015-01-20,"CRIPPS PINK","100-110",80,160,2
2015-01-20,"CRIPPS PINK","120-135",200,19600,98
2015-01-20,"CRIPPS RED","150-165-198",160,960,6
2015-01-20,"CRIPPS RED","Econo",70,70,1
2015-01-20,"TOPRED","80-90",160,33750,211
2015-01-20,"TOPRED","100-110",180,720,4
2015-01-20,"TOPRED","120-135",222,13080,59
2015-01-20,"TOPRED","Econo",131,14624,112
2015-01-20,"TOPRED","Jumble",48,10460,216
2015-01-20,"GOLDEN DELICIOUS","80-90",226,9710,43
2015-01-20,"GOLDEN DELICIOUS","100-110",206,46820,227
2015-01-20,"GOLDEN DELICIOUS","120-135",202,182460,903
2015-01-20,"GOLDEN DELICIOUS","150-165-198",110,880,8
2015-01-20,"GOLDEN DELICIOUS","Econo",97,58018,598
2015-01-20,"GOLDEN DELICIOUS","Jumble",64,136163,2115
2015-01-20,"STARKING","80-90",142,35680,252
2015-01-20,"STARKING","100-110",174,41230,237
2015-01-20,"STARKING","120-135",202,49730,246
2015-01-20,"STARKING","Econo",130,55088,425
2015-01-20,"STARKING","Jumble",39,36350,928
2015-01-20,"GRANNY SMITH","80-90",114,5710,50
2015-01-20,"GRANNY SMITH","100-110",150,30160,201
2015-01-20,"GRANNY SMITH","120-135",190,2660,14
2015-01-20,"GRANNY SMITH","Econo",97,34510,356
2015-01-20,"GRANNY SMITH","Jumble",43,60593,1395
2015-01-20,"ROYAL GALA","100-110",240,4320,18
2015-01-20,"ROYAL GALA","Econo",128,3072,24
2015-01-20,"FUJI","Jumble",39,10354,264
2015-01-20,"BRAEBURN","Jumble",43,9372,220
2015-01-23,"CRIPPS PINK","100-110",100,10000,100
2015-01-23,"CRIPPS PINK","Econo",72,18432,256
2015-01-23,"TOPRED","80-90",223,47556,213
2015-01-23,"TOPRED","100-110",236,18150,77
2015-01-23,"TOPRED","120-135",212,53615,253
2015-01-23,"TOPRED","Econo",130,40574,312
2015-01-23,"TOPRED","Jumble",60,5400,90
2015-01-23,"GOLDEN DELICIOUS","80-90",264,2900,11
2015-01-23,"GOLDEN DELICIOUS","100-110",216,45980,213
2015-01-23,"GOLDEN DELICIOUS","120-135",192,11320,59
2015-01-23,"GOLDEN DELICIOUS","150-165-198",189,1510,8
2015-01-23,"GOLDEN DELICIOUS","Econo",105,109430,1039
2015-01-23,"GOLDEN DELICIOUS","Jumble",61,112610,1851
2015-01-23,"STARKING","80-90",159,15930,100
2015-01-23,"STARKING","100-110",220,220,1
2015-01-23,"STARKING","120-135",200,2400,12
2015-01-23,"STARKING","Econo",152,56048,369
2015-01-23,"STARKING","Jumble",60,120,2
2015-01-23,"GRANNY SMITH","80-90",180,5400,30
2015-01-23,"GRANNY SMITH","100-110",159,24620,155
2015-01-23,"GRANNY SMITH","120-135",170,510,3
2015-01-23,"GRANNY SMITH","Econo",106,35272,332
2015-01-23,"GRANNY SMITH","Jumble",45,20583,460
2015-01-23,"ROYAL GALA","80-90",248,6940,28
2015-01-23,"ROYAL GALA","100-110",228,52100,229
2015-01-23,"ROYAL GALA","120-135",207,64880,314
2015-01-23,"ROYAL GALA","Econo",130,26352,202
2015-01-23,"PANORAMA GOLDEN","100-110",245,11510,47
2015-01-23,"PANORAMA GOLDEN","120-135",240,6240,26
2015-01-23,"PANORAMA GOLDEN","Econo",136,136,1
2015-01-26,"CRIPPS PINK","100-110",240,240,1
2015-01-26,"CRIPPS PINK","Econo",30,960,32
2015-01-26,"TOPRED","80-90",190,22245,117
2015-01-26,"TOPRED","100-110",212,28250,133
2015-01-26,"TOPRED","120-135",213,21520,101
2015-01-26,"TOPRED","Econo",96,96,1
2015-01-26,"TOPRED","Jumble",56,5031,90
2015-01-26,"GOLDEN DELICIOUS","80-90",251,9040,36
2015-01-26,"GOLDEN DELICIOUS","100-110",212,41455,196
2015-01-26,"GOLDEN DELICIOUS","120-135",162,10180,63
2015-01-26,"GOLDEN DELICIOUS","150-165-198",140,18760,134
2015-01-26,"GOLDEN DELICIOUS","Econo",90,34524,382
2015-01-26,"GOLDEN DELICIOUS","Jumble",60,156237,2617
2015-01-26,"STARKING","80-90",103,5650,55
2015-01-26,"STARKING","100-110",200,2400,12
2015-01-26,"STARKING","Econo",120,120,1
2015-01-26,"GRANNY SMITH","80-90",103,7590,74
2015-01-26,"GRANNY SMITH","100-110",170,10020,59
2015-01-26,"GRANNY SMITH","120-135",160,160,1
2015-01-26,"GRANNY SMITH","Econo",97,29164,300
2015-01-26,"GRANNY SMITH","Jumble",41,30888,745
2015-01-26,"ROYAL GALA","100-110",250,5250,21
2015-01-26,"ROYAL GALA","120-135",214,98015,457
2015-01-26,"ROYAL GALA","150-165-198",180,540,3
2015-01-26,"ROYAL GALA","Econo",149,13892,93
2015-01-26,"ROYAL GALA","Jumble",48,24000,500
2015-01-26,"PANORAMA GOLDEN","80-90",233,700,3
2015-01-26,"PANORAMA GOLDEN","100-110",214,4930,23
2015-01-26,"PANORAMA GOLDEN","120-135",217,7170,33
2015-01-26,"PANORAMA GOLDEN","Econo",128,2688,21
2015-01-26,"FUJI","Jumble",45,90,2
2015-02-03,"CRIPPS RED","80-90",250,12250,49
2015-02-03,"CRIPPS RED","100-110",250,24500,98
2015-02-03,"CRIPPS RED","120-135",244,95550,392
2015-02-03,"CRIPPS RED","150-165-198",237,34790,147
2015-02-03,"TOPRED","100-110",220,12320,56
2015-02-03,"TOPRED","120-135",224,11445,51
2015-02-03,"TOPRED","Econo",141,32920,234
2015-02-03,"TOPRED","Jumble",65,28720,442
2015-02-03,"GOLDEN DELICIOUS","80-90",230,2300,10
2015-02-03,"GOLDEN DELICIOUS","100-110",200,6010,30
2015-02-03,"GOLDEN DELICIOUS","120-135",190,53030,279
2015-02-03,"GOLDEN DELICIOUS","Econo",88,79238,897
2015-02-03,"GOLDEN DELICIOUS","Jumble",61,127014,2094
2015-02-03,"STARKING","80-90",80,4630,58
2015-02-03,"STARKING","100-110",150,750,5
2015-02-03,"GRANNY SMITH","80-90",139,15830,114
2015-02-03,"GRANNY SMITH","100-110",150,13660,91
2015-02-03,"GRANNY SMITH","120-135",150,8680,58
2015-02-03,"GRANNY SMITH","Econo",63,29072,464
2015-02-03,"GRANNY SMITH","Jumble",41,35066,865
2015-02-03,"ROYAL GALA","80-90",255,2040,8
2015-02-03,"ROYAL GALA","100-110",239,27520,115
2015-02-03,"ROYAL GALA","120-135",193,102340,531
2015-02-03,"ROYAL GALA","150-165-198",180,360,2
2015-02-03,"ROYAL GALA","Econo",142,28764,203
2015-02-03,"ROYAL GALA","Jumble",69,32395,471
2015-02-03,"PANORAMA GOLDEN","80-90",264,9780,37
2015-02-03,"PANORAMA GOLDEN","100-110",226,19910,88
2015-02-03,"PANORAMA GOLDEN","120-135",205,15000,73
2015-02-03,"PANORAMA GOLDEN","Econo",128,7792,61
2015-02-03,"PANORAMA GOLDEN","Jumble",56,19539,348
2015-02-03,"FUJI","Econo",30,30,1
2015-02-07,"TOPRED","80-90",259,26400,102
2015-02-07,"TOPRED","100-110",260,260,1
2015-02-07,"GOLDEN DELICIOUS","80-90",219,13815,63
2015-02-07,"GOLDEN DELICIOUS","100-110",206,40570,197
2015-02-07,"GOLDEN DELICIOUS","120-135",186,56020,301
2015-02-07,"GOLDEN DELICIOUS","Econo",115,67200,585
2015-02-07,"GOLDEN DELICIOUS","Jumble",61,48215,788
2015-02-07,"STARKING","80-90",100,9560,96
2015-02-07,"STARKING","100-110",181,14080,78
2015-02-07,"STARKING","120-135",180,10080,56
2015-02-07,"STARKING","Econo",129,1672,13
2015-02-07,"GRANNY SMITH","80-90",103,27100,262
2015-02-07,"GRANNY SMITH","100-110",152,22400,147
2015-02-07,"GRANNY SMITH","120-135",141,32610,232
2015-02-07,"GRANNY SMITH","150-165-198",50,4700,94
2015-02-07,"GRANNY SMITH","Econo",79,21915,279
2015-02-07,"GRANNY SMITH","Jumble",32,8511,266
2015-02-07,"ROYAL GALA","80-90",252,18880,75
2015-02-07,"ROYAL GALA","100-110",212,66250,313
2015-02-07,"ROYAL GALA","120-135",188,68180,362
2015-02-07,"ROYAL GALA","Econo",132,63492,480
2015-02-07,"ROYAL GALA","Jumble",66,21830,331
2015-02-07,"PANORAMA GOLDEN","80-90",223,9830,44
2015-02-07,"PANORAMA GOLDEN","100-110",202,19980,99
2015-02-07,"PANORAMA GOLDEN","120-135",192,6320,33
2015-02-07,"PANORAMA GOLDEN","Econo",112,46430,416
2015-02-07,"FUJI","100-110",186,6690,36
2015-02-07,"FUJI","120-135",180,1800,10
2015-02-07,"FUJI","Econo",120,6840,57
2015-02-10,"CRIPPS PINK","80-90",100,1100,11
2015-02-10,"CRIPPS RED","120-135",100,800,8
2015-02-10,"TOPRED","80-90",253,20520,81
2015-02-10,"TOPRED","100-110",178,2670,15
2015-02-10,"TOPRED","Econo",164,34100,208
2015-02-10,"GOLDEN DELICIOUS","80-90",231,8100,35
2015-02-10,"GOLDEN DELICIOUS","100-110",197,57820,294
2015-02-10,"GOLDEN DELICIOUS","120-135",178,40860,230
2015-02-10,"GOLDEN DELICIOUS","150-165-198",140,420,3
2015-02-10,"GOLDEN DELICIOUS","Econo",82,32672,397
2015-02-10,"GOLDEN DELICIOUS","Jumble",60,144129,2398
2015-02-10,"STARKING","80-90",80,2960,37
2015-02-10,"STARKING","Econo",120,1440,12
2015-02-10,"STARKING","Jumble",63,50696,807
2015-02-10,"GRANNY SMITH","80-90",72,6170,86
2015-02-10,"GRANNY SMITH","100-110",151,9640,64
2015-02-10,"GRANNY SMITH","120-135",156,1560,10
2015-02-10,"GRANNY SMITH","Econo",104,39472,379
2015-02-10,"GRANNY SMITH","Jumble",48,25924,536
2015-02-10,"ROYAL GALA","80-90",173,82750,477
2015-02-10,"ROYAL GALA","100-110",236,38310,162
2015-02-10,"ROYAL GALA","120-135",193,179630,929
2015-02-10,"ROYAL GALA","150-165-198",160,41600,260
2015-02-10,"ROYAL GALA","Econo",132,22200,168
2015-02-10,"ROYAL GALA","Jumble",62,65168,1058
2015-02-10,"PANORAMA GOLDEN","80-90",180,5040,28
2015-02-10,"PANORAMA GOLDEN","100-110",210,420,2
2015-02-10,"PANORAMA GOLDEN","120-135",170,9020,53
2015-02-10,"PANORAMA GOLDEN","Econo",111,8894,80
2015-02-10,"PANORAMA GOLDEN","Jumble",53,9050,171
2015-02-10,"FUJI","120-135",180,2520,14
2015-02-10,"FUJI","Econo",112,18928,169
2015-02-12,"CRIPPS PINK","100-110",70,70,1
2015-02-12,"CRIPPS RED","120-135",216,22020,102
2015-02-12,"CRIPPS RED","Econo",115,14908,130
2015-02-12,"CRIPPS RED","Jumble",50,19800,396
2015-02-12,"TOPRED","80-90",126,22395,178
2015-02-12,"TOPRED","100-110",180,1800,10
2015-02-12,"TOPRED","Econo",166,1324,8
2015-02-12,"GOLDEN DELICIOUS","80-90",226,8570,38
2015-02-12,"GOLDEN DELICIOUS","100-110",195,42925,220
2015-02-12,"GOLDEN DELICIOUS","120-135",176,36645,208
2015-02-12,"GOLDEN DELICIOUS","150-165-198",160,160,1
2015-02-12,"GOLDEN DELICIOUS","Econo",108,49752,462
2015-02-12,"GOLDEN DELICIOUS","Jumble",63,98641,1570
2015-02-12,"STARKING","80-90",57,7595,133
2015-02-12,"STARKING","100-110",143,4870,34
2015-02-12,"STARKING","120-135",137,11410,83
2015-02-12,"STARKING","Econo",116,80024,691
2015-02-12,"STARKING","Jumble",50,14850,297
2015-02-12,"GRANNY SMITH","80-90",74,31860,431
2015-02-12,"GRANNY SMITH","100-110",160,8935,56
2015-02-12,"GRANNY SMITH","120-135",160,44800,280
2015-02-12,"GRANNY SMITH","Econo",86,19732,229
2015-02-12,"GRANNY SMITH","Jumble",50,26495,526
2015-02-12,"ROYAL GALA","80-90",234,47900,205
2015-02-12,"ROYAL GALA","100-110",224,68340,305
2015-02-12,"ROYAL GALA","120-135",190,144560,760
2015-02-12,"ROYAL GALA","Econo",110,59504,540
2015-02-12,"ROYAL GALA","Jumble",62,30175,490
2015-02-12,"PANORAMA GOLDEN","80-90",222,890,4
2015-02-12,"PANORAMA GOLDEN","100-110",186,9290,50
2015-02-12,"PANORAMA GOLDEN","120-135",163,18380,113
2015-02-12,"PANORAMA GOLDEN","150-165-198",150,150,1
2015-02-12,"PANORAMA GOLDEN","Econo",102,24672,241
2015-02-12,"PANORAMA GOLDEN","Jumble",40,6360,159
2015-02-12,"FUJI","Econo",72,4968,69
2015-02-13,"TOPRED","80-90",246,54160,220
2015-02-13,"TOPRED","150-165-198",115,1380,12
2015-02-13,"TOPRED","Econo",110,440,4
2015-02-13,"GOLDEN DELICIOUS","80-90",202,16750,83
2015-02-13,"GOLDEN DELICIOUS","100-110",199,65290,328
2015-02-13,"GOLDEN DELICIOUS","120-135",172,107560,627
2015-02-13,"GOLDEN DELICIOUS","150-165-198",120,480,4
2015-02-13,"GOLDEN DELICIOUS","Econo",117,116426,996
2015-02-13,"GOLDEN DELICIOUS","Jumble",56,47769,859
2015-02-13,"STARKING","80-90",40,840,21
2015-02-13,"STARKING","Econo",111,30978,280
2015-02-13,"STARKING","Jumble",45,180,4
2015-02-13,"GRANNY SMITH","80-90",127,11310,89
2015-02-13,"GRANNY SMITH","100-110",115,3330,29
2015-02-13,"GRANNY SMITH","120-135",132,8330,63
2015-02-13,"GRANNY SMITH","Econo",86,22838,265
2015-02-13,"GRANNY SMITH","Jumble",44,9750,222
2015-02-13,"ROYAL GALA","80-90",207,1240,6
2015-02-13,"ROYAL GALA","100-110",206,59750,290
2015-02-13,"ROYAL GALA","120-135",189,62750,332
2015-02-13,"ROYAL GALA","Econo",109,62842,577
2015-02-13,"ROYAL GALA","Jumble",58,85033,1463
2015-02-13,"PANORAMA GOLDEN","80-90",251,1760,7
2015-02-13,"PANORAMA GOLDEN","100-110",195,44230,227
2015-02-13,"PANORAMA GOLDEN","120-135",156,5290,34
2015-02-13,"PANORAMA GOLDEN","Econo",104,12652,122
2015-02-13,"PANORAMA GOLDEN","Jumble",60,30000,500
2015-02-13,"FUJI","Econo",115,1032,9
2015-02-13,"BRAEBURN","Econo",80,3840,48
2015-02-16,"CRIPPS RED","80-90",100,2800,28
2015-02-16,"TOPRED","80-90",256,10230,40
2015-02-16,"TOPRED","100-110",255,1530,6
2015-02-16,"TOPRED","Econo",148,444,3
2015-02-16,"TOPRED","Jumble",50,8800,176
2015-02-16,"GOLDEN DELICIOUS","80-90",191,21590,113
2015-02-16,"GOLDEN DELICIOUS","100-110",205,7580,37
2015-02-16,"GOLDEN DELICIOUS","120-135",167,52770,316
2015-02-16,"GOLDEN DELICIOUS","150-165-198",140,140,1
2015-02-16,"GOLDEN DELICIOUS","Econo",103,45603,443
2015-02-16,"GOLDEN DELICIOUS","Jumble",53,184975,3475
2015-02-16,"STARKING","Econo",127,6720,53
2015-02-16,"GRANNY SMITH","80-90",140,29490,211
2015-02-16,"GRANNY SMITH","100-110",141,7630,54
2015-02-16,"GRANNY SMITH","Econo",111,3120,28
2015-02-16,"GRANNY SMITH","Jumble",36,8045,225
2015-02-16,"ROYAL GALA","80-90",240,13200,55
2015-02-16,"ROYAL GALA","100-110",221,21435,97
2015-02-16,"ROYAL GALA","120-135",187,88930,475
2015-02-16,"ROYAL GALA","150-165-198",150,14700,98
2015-02-16,"ROYAL GALA","Econo",100,56442,562
2015-02-16,"ROYAL GALA","Jumble",55,149241,2694
2015-02-16,"PANORAMA GOLDEN","80-90",240,480,2
2015-02-16,"PANORAMA GOLDEN","100-110",171,14020,82
2015-02-16,"PANORAMA GOLDEN","120-135",166,44240,266
2015-02-16,"PANORAMA GOLDEN","150-165-198",150,150,1
2015-02-16,"PANORAMA GOLDEN","Econo",90,9312,103
2015-02-16,"PANORAMA GOLDEN","Jumble",43,18744,440
2015-02-16,"BRAEBURN","120-135",180,180,1
2015-02-19,"TOPRED","80-90",266,14910,56
2015-02-19,"TOPRED","100-110",241,13710,57
2015-02-19,"TOPRED","120-135",240,13440,56
2015-02-19,"TOPRED","Econo",157,30736,196
2015-02-19,"GOLDEN DELICIOUS","80-90",230,16560,72
2015-02-19,"GOLDEN DELICIOUS","100-110",126,22495,178
2015-02-19,"GOLDEN DELICIOUS","120-135",166,101652,613
2015-02-19,"GOLDEN DELICIOUS","150-165-198",125,14000,112
2015-02-19,"GOLDEN DELICIOUS","Econo",100,30989,311
2015-02-19,"GOLDEN DELICIOUS","Jumble",63,79645,1255
2015-02-19,"STARKING","100-110",180,180,1
2015-02-19,"STARKING","120-135",197,38040,193
2015-02-19,"STARKING","Econo",159,24808,156
2015-02-19,"GRANNY SMITH","80-90",96,9230,96
2015-02-19,"GRANNY SMITH","100-110",147,13800,94
2015-02-19,"GRANNY SMITH","120-135",160,800,5
2015-02-19,"GRANNY SMITH","Econo",100,35460,356
2015-02-19,"GRANNY SMITH","Jumble",36,28265,787
2015-02-19,"ROYAL GALA","80-90",247,28680,116
2015-02-19,"ROYAL GALA","100-110",208,48150,231
2015-02-19,"ROYAL GALA","120-135",182,95505,526
2015-02-19,"ROYAL GALA","150-165-198",180,10080,56
2015-02-19,"ROYAL GALA","Econo",83,189998,2281
2015-02-19,"ROYAL GALA","Jumble",61,54711,898
2015-02-19,"PANORAMA GOLDEN","80-90",217,650,3
2015-02-19,"PANORAMA GOLDEN","100-110",212,850,4
2015-02-19,"PANORAMA GOLDEN","120-135",167,500,3
2015-02-19,"PANORAMA GOLDEN","150-165-198",110,5280,48
2015-02-19,"PANORAMA GOLDEN","Econo",98,2446,25
2015-02-19,"PANORAMA GOLDEN","Jumble",42,8988,212
2015-02-19,"FUJI","100-110",190,950,5
2015-02-19,"FUJI","Econo",113,4840,43
2015-02-21,"TOPRED","80-90",268,46330,173
2015-02-21,"TOPRED","100-110",256,49120,192
2015-02-21,"TOPRED","120-135",234,17980,77
2015-02-21,"TOPRED","Econo",159,34440,216
2015-02-21,"GOLDEN DELICIOUS","80-90",140,15870,113
2015-02-21,"GOLDEN DELICIOUS","100-110",202,28265,140
2015-02-21,"GOLDEN DELICIOUS","120-135",171,20180,118
2015-02-21,"GOLDEN DELICIOUS","150-165-198",60,3420,57
2015-02-21,"GOLDEN DELICIOUS","Econo",97,31128,321
2015-02-21,"GOLDEN DELICIOUS","Jumble",55,48674,888
2015-02-21,"STARKING","Econo",141,6756,48
2015-02-21,"STARKING","Jumble",100,100,1
2015-02-21,"GRANNY SMITH","80-90",90,17570,196
2015-02-21,"GRANNY SMITH","100-110",165,9580,58
2015-02-21,"GRANNY SMITH","120-135",154,3070,20
2015-02-21,"GRANNY SMITH","Econo",102,21556,211
2015-02-21,"GRANNY SMITH","Jumble",52,16880,327
2015-02-21,"ROYAL GALA","80-90",248,15640,63
2015-02-21,"ROYAL GALA","100-110",199,50680,255
2015-02-21,"ROYAL GALA","120-135",182,59525,327
2015-02-21,"ROYAL GALA","150-165-198",160,7840,49
2015-02-21,"ROYAL GALA","Econo",89,101744,1137
2015-02-21,"ROYAL GALA","Jumble",58,54614,941
2015-02-21,"PANORAMA GOLDEN","80-90",191,2100,11
2015-02-21,"PANORAMA GOLDEN","100-110",170,3580,21
2015-02-21,"PANORAMA GOLDEN","120-135",150,450,3
2015-02-21,"PANORAMA GOLDEN","Econo",112,1568,14
2015-02-21,"PANORAMA GOLDEN","Jumble",53,40040,750
2015-02-21,"FUJI","100-110",180,4680,26
2015-02-21,"FUJI","Econo",96,6912,72
2015-03-02,"CRIPPS PINK","Econo",45,450,10
2015-03-02,"TOPRED","80-90",257,54010,210
2015-03-02,"TOPRED","100-110",250,43500,174
2015-03-02,"TOPRED","120-135",221,47780,216
2015-03-02,"TOPRED","Econo",142,82162,580
2015-03-02,"TOPRED","Jumble",45,8415,185
2015-03-02,"GOLDEN DELICIOUS","80-90",145,34590,238
2015-03-02,"GOLDEN DELICIOUS","100-110",163,19430,119
2015-03-02,"GOLDEN DELICIOUS","120-135",142,73220,516
2015-03-02,"GOLDEN DELICIOUS","150-165-198",100,700,7
2015-03-02,"GOLDEN DELICIOUS","Econo",82,36218,443
2015-03-02,"GOLDEN DELICIOUS","Jumble",51,174051,3402
2015-03-02,"STARKING","80-90",220,7260,33
2015-03-02,"STARKING","100-110",220,1760,8
2015-03-02,"STARKING","Econo",50,1788,36
2015-03-02,"GRANNY SMITH","80-90",103,28160,274
2015-03-02,"GRANNY SMITH","100-110",190,13650,72
2015-03-02,"GRANNY SMITH","120-135",181,35560,196
2015-03-02,"GRANNY SMITH","Econo",82,13225,162
2015-03-02,"GRANNY SMITH","Jumble",49,35608,730
2015-03-02,"ROYAL GALA","80-90",205,8420,41
2015-03-02,"ROYAL GALA","100-110",176,52755,300
2015-03-02,"ROYAL GALA","120-135",161,104520,649
2015-03-02,"ROYAL GALA","150-165-198",124,37580,302
2015-03-02,"ROYAL GALA","Econo",73,80492,1097
2015-03-02,"ROYAL GALA","Jumble",50,76866,1546
2015-03-02,"PANORAMA GOLDEN","80-90",180,7200,40
2015-03-02,"PANORAMA GOLDEN","120-135",126,20120,160
2015-03-02,"PANORAMA GOLDEN","150-165-198",120,240,2
2015-03-02,"PANORAMA GOLDEN","Econo",72,18772,262
2015-03-02,"FUJI","80-90",256,11000,43
2015-03-06,"TOPRED","80-90",245,50255,205
2015-03-06,"TOPRED","100-110",241,49940,207
2015-03-06,"TOPRED","120-135",183,32960,180
2015-03-06,"TOPRED","Econo",142,21414,151
2015-03-06,"TOPRED","Jumble",45,7920,176
2015-03-06,"GOLDEN DELICIOUS","80-90",175,5240,30
2015-03-06,"GOLDEN DELICIOUS","100-110",174,39045,225
2015-03-06,"GOLDEN DELICIOUS","120-135",147,55410,376
2015-03-06,"GOLDEN DELICIOUS","150-165-198",106,4460,42
2015-03-06,"GOLDEN DELICIOUS","Econo",75,80100,1067
2015-03-06,"GOLDEN DELICIOUS","Jumble",53,56488,1071
2015-03-06,"STARKING","80-90",207,10160,49
2015-03-06,"STARKING","100-110",200,200,1
2015-03-06,"STARKING","120-135",160,160,1
2015-03-06,"STARKING","Econo",136,2856,21
2015-03-06,"GRANNY SMITH","80-90",128,18240,143
2015-03-06,"GRANNY SMITH","100-110",160,6550,41
2015-03-06,"GRANNY SMITH","120-135",150,8560,57
2015-03-06,"GRANNY SMITH","Econo",68,7980,118
2015-03-06,"GRANNY SMITH","Jumble",44,6841,155
2015-03-06,"ROYAL GALA","80-90",80,1830,23
2015-03-06,"ROYAL GALA","100-110",178,1600,9
2015-03-06,"ROYAL GALA","120-135",120,25540,213
2015-03-06,"ROYAL GALA","150-165-198",109,13660,125
2015-03-06,"ROYAL GALA","Econo",75,131816,1765
2015-03-06,"ROYAL GALA","Jumble",53,48854,917
2015-03-06,"PANORAMA GOLDEN","80-90",96,4600,48
2015-03-06,"PANORAMA GOLDEN","100-110",121,18680,155
2015-03-06,"PANORAMA GOLDEN","120-135",124,44190,356
2015-03-06,"PANORAMA GOLDEN","150-165-198",68,884,13
2015-03-06,"PANORAMA GOLDEN","Econo",103,1032,10
2015-03-06,"FUJI","Econo",57,3680,65
2015-03-11,"TOPRED","80-90",241,30580,127
2015-03-11,"TOPRED","100-110",209,105170,502
2015-03-11,"TOPRED","120-135",186,35320,190
2015-03-11,"TOPRED","Econo",150,50088,335
2015-03-11,"TOPRED","Jumble",50,450,9
2015-03-11,"GOLDEN DELICIOUS","80-90",166,4810,29
2015-03-11,"GOLDEN DELICIOUS","100-110",148,36385,246
2015-03-11,"GOLDEN DELICIOUS","120-135",119,22085,186
2015-03-11,"GOLDEN DELICIOUS","150-165-198",30,60,2
2015-03-11,"GOLDEN DELICIOUS","Econo",78,53702,686
2015-03-11,"GOLDEN DELICIOUS","Jumble",51,164866,3255
2015-03-11,"STARKING","80-90",202,18600,92
2015-03-11,"STARKING","100-110",205,19250,94
2015-03-11,"STARKING","Econo",136,19680,145
2015-03-11,"STARKING","Jumble",50,5150,103
2015-03-11,"GRANNY SMITH","80-90",135,12380,92
2015-03-11,"GRANNY SMITH","100-110",156,780,5
2015-03-11,"GRANNY SMITH","120-135",155,8515,55
2015-03-11,"GRANNY SMITH","Econo",97,27790,287
2015-03-11,"GRANNY SMITH","Jumble",50,100,2
2015-03-11,"ROYAL GALA","80-90",70,1960,28
2015-03-11,"ROYAL GALA","100-110",163,9810,60
2015-03-11,"ROYAL GALA","120-135",158,11560,73
2015-03-11,"ROYAL GALA","150-165-198",130,14800,114
2015-03-11,"ROYAL GALA","Econo",73,78988,1082
2015-03-11,"ROYAL GALA","Jumble",59,113721,1935
2015-03-11,"PANORAMA GOLDEN","80-90",132,1710,13
2015-03-11,"PANORAMA GOLDEN","100-110",119,12460,105
2015-03-11,"PANORAMA GOLDEN","120-135",108,23960,221
2015-03-11,"PANORAMA GOLDEN","150-165-198",68,4660,69
2015-03-11,"FUJI","80-90",203,6500,32
2015-03-13,"TOPRED","80-90",227,22290,98
2015-03-13,"TOPRED","100-110",228,16420,72
2015-03-13,"TOPRED","120-135",200,18560,93
2015-03-13,"TOPRED","Econo",136,21202,156
2015-03-13,"TOPRED","Jumble",31,855,28
2015-03-13,"GOLDEN DELICIOUS","80-90",166,12910,78
2015-03-13,"GOLDEN DELICIOUS","100-110",126,30040,239
2015-03-13,"GOLDEN DELICIOUS","120-135",130,86895,667
2015-03-13,"GOLDEN DELICIOUS","150-165-198",65,130,2
2015-03-13,"GOLDEN DELICIOUS","Econo",74,105338,1433
2015-03-13,"GOLDEN DELICIOUS","Jumble",46,57161,1244
2015-03-13,"STARKING","80-90",203,18240,90
2015-03-13,"STARKING","100-110",200,1000,5
2015-03-13,"STARKING","Econo",136,18904,139
2015-03-13,"STARKING","Jumble",41,6380,154
2015-03-13,"GRANNY SMITH","80-90",159,43770,275
2015-03-13,"GRANNY SMITH","100-110",152,1370,9
2015-03-13,"GRANNY SMITH","120-135",135,12645,94
2015-03-13,"GRANNY SMITH","150-165-198",64,450,7
2015-03-13,"GRANNY SMITH","Econo",68,13186,193
2015-03-13,"GRANNY SMITH","Jumble",35,420,12
2015-03-13,"ROYAL GALA","80-90",197,12820,65
2015-03-13,"ROYAL GALA","100-110",144,19540,136
2015-03-13,"ROYAL GALA","120-135",149,58590,394
2015-03-13,"ROYAL GALA","150-165-198",133,7860,59
2015-03-13,"ROYAL GALA","Econo",61,107304,1771
2015-03-13,"ROYAL GALA","Jumble",51,75241,1470
2015-03-13,"PANORAMA GOLDEN","80-90",156,12910,83
2015-03-13,"PANORAMA GOLDEN","100-110",112,7480,67
2015-03-13,"PANORAMA GOLDEN","120-135",86,11210,131
2015-03-13,"PANORAMA GOLDEN","Econo",79,712,9
2015-03-13,"FUJI","80-90",198,1580,8
